{
  "interface_version": 1,
  "primary_metric": "avg_aug_gap",
  "primary_metric_value": 2.329567752253744,
  "avg_aug_gap": 2.329567752253744,
  "avg_no_aug_gap": 3.753675687101597,
  "augmentation_enable": true,
  "aug_factor": 8,
  "checkpoint_path": "/Users/jianweipeng/Documents/作业/SDM-5031-2026-Spring/TSP/POMO_model/result/saved_tsp100_model2_longTrain/checkpoint-3000.pt",
  "data_path": "/Users/jianweipeng/Documents/作业/SDM-5031-2026-Spring/TSP/data/val",
  "solved_instance_num": 10,
  "total_instance_num": 10,
  "instances": [
    "pr299",
    "ch150",
    "kroA100",
    "kroB150",
    "kroC100",
    "pr124",
    "eil101",
    "kroA200",
    "pr226",
    "kroE100"
  ],
  "optimal": [
    48191.0,
    6528.0,
    21282.0,
    26130.0,
    20749.0,
    59030.0,
    629.0,
    29368.0,
    80369.0,
    22068.0
  ],
  "problem_size": [
    299,
    150,
    100,
    150,
    100,
    124,
    101,
    200,
    226,
    100
  ],
  "no_aug_score": [
    58088.0,
    6554.0,
    21472.0,
    26942.0,
    21084.0,
    59543.0,
    630.0,
    30650.0,
    83677.0,
    22394.0
  ],
  "aug_score": [
    54930.0,
    6554.0,
    21420.0,
    26405.0,
    20799.0,
    59076.0,
    630.0,
    29992.0,
    83677.0,
    22177.0
  ],
  "no_aug_gap": [
    20.537029735842793,
    0.39828431372549017,
    0.892773235598158,
    3.107539226942212,
    1.6145356402718203,
    0.8690496357784178,
    0.1589825119236884,
    4.365295559792972,
    4.116014881359728,
    1.477252129780678
  ],
  "aug_gap": [
    13.983938909754933,
    0.39828431372549017,
    0.6484352974344516,
    1.052430156907769,
    0.24097546869728662,
    0.07792647806200237,
    0.1589825119236884,
    2.1247616453282485,
    4.116014881359728,
    0.49392785934384625
  ]
}